NAMA KABUPATEN,NAMA DESA,DAYA TARIK,DESKRIPSI,ALAMAT LENGKAP,STATUS,EVENT,MAKANAN,KERAJINAN,KESENIAN,HOMESTAY,PENGELOLA,JARAK PUSAT KOTA,KONDISI JALAN,PAPAN PENUNJUK ARAH,foto_desa
Banjarnegara,Desa Wisata Karang Tengah,Telaga Merdada,"Terletak di Dataran Tinggi Dieng dengan kesejukan dan keindahan alam berupa telaga merdada Berdasarkan kisah yang berkembang di sekitar penduduk setempat, kata Merdada di ambil dari bagian bawah Cupu Manik Astagina yaitu mardida (kisah pewayangan).","Jl. Raya Dieng, Desa Karangtengah Kecamatan Batur Kabupaten Banjarnegara",Berkembang,Festival Merdada,"Keripik Kentang, Sirup Carica",Tidak Ada,Sendra Tari Merdada,"5 rumah, Jumlah Kamar: 15, Kapasitas: 50 orang",Pokdarwis dan Desa Wisata,60 Km,"Baik dan rusak, Panjang jalan rusak 1 Km",Ada,placeholder.jpg
Banjarnegara,Delta Dantana(Desa Wisata Dawuhan),Tubing Sungai Panaraban,Desa Wisata dengan sungai panaraban yang jernih dengan debit air yang tinggi dan pemandangan alam yang indah dengan suasana alam pedesaan yang masih alami.,Desa Dawuhan Kecamatan Wanayasa,Berkembang,Tidak Ada,"Nasi Jagung, Jui Kempit, Buntil, Kluban/uraban",Kerajinan tangan dari limbah plastik,"Rodad, Kuda Kepang, Lik-likan","25, Jumlah Kamar: 40",Pokdarwis dan BUMDES Delta Dantana,36 Km,"Baik dan Rusak, Panjang jalan rusak: 3 Km",Ada,placeholder.jpg
Banjarnegara,Dewi Gita (Desa Giritirta),Air Terjun dan Air Panas,"Desa wisata yang memiliki potensi wisata alam curug genting, curug mrawu dan 2 sumber air panas, berada di pegunungan sehingga bercuaca dingin dan sejuk.","Desa Giritirta Kecamatan Pejawaran",Berkembang,Tidak Ada,"Manisan waluh, Susu kedelai, Keripik talas",Kerajinan bambu dan batu,"Jepin, Tari Dewi Gita dan Kuda kepang","7 rumah, Jumlah Kamar: 14 Kapasitas: 25 orang",Pokdarwis Dewi Gita,40 Km,"Baik dan Rusak, panjang jalan rusak 2 km",Ada,placeholder.jpg
Banjarnegara,Tuk Kumala (Desa Kalilunjar),Bukit Asmara Situk (BAS),Desa Wisata Tuk Kumala adalah desa wisata yang sedang berkembang pesat dengan daya tarik wahana istana diatas awan dengan pemandangan alam yang sangat indah dan wisata budaya tradisi yang unik yaitu boyong oyod genggong.,Desa Kalilunjar Jl. Raya Banjarnegara-Karangkobar Kecamatan Banjarmangu,Berkembang,Event Uyud Genggong,Kerupuk Salak,Pembuatan Tenong,"Kuda Kepang, Tari tradisional, Tek-tek","10 rumah, Jumlah Kamar: 20 Kapasitas: 40 orang",Pokdarwis Tuk Kumala dan BUMDES,36 km,"Baik/ rusak, Panjang jalan rusak: 1 km",Ada,placeholder.jpg
Banjarnegara,Candradimuka (Desa Pekasiran),"Sumur Jalatunda, Kawah Candradimuka, Telaga Dringo",desa yang terletak di kecamatan Batur dan masih termasuk objek wisata zona II Dieng Plateau,"Desa Pekasiran Kecamatan Batur, Kab. Banjarnegara",Berkembang,Tidak Ada,Demplo (Nasi jagung aneka rasa),Kerajinan tangan dari akar pakis,"Rodad, Tek-tek, Pencak silat, Jepin","3 rumah, Jumlah Kamar: 6 Kapasitas: 12 orang",Pokdarwis dan BUMDES,50 Km,Baik,Ada,placeholder.jpg
Banjarnegara,Dieng Pandawa (Dieng Kulon),"Landscape Pegunungan, Kawah Sikidang, Bukit Sekoter, Bukit Pangonan","Desa yang terletak di 2093 dpl dengan suhu yang sejuk dan awan yang selalu datang dikenal dengan Negeri Atas Awan dan tempat dewa bersemayam.","Desa Dieng Kulon Kecamatan Batur, Kab. Banjarnegara",Berkembang,DCF (Dieng Culture Festival) Pencukuran Rambut Gimbal,"Carica, Purwaceng, Sate domba dieng","Miniatur Candi, Batik Kayu","Lengger, Rampak Yakso","210 rumah, Jumlah Kamar: 740 Kapasitas 1500 orang",Pokdarwis Dieng Pandawa,60 Km,Baik,Ada,placeholder.jpg
Banjarnegara,Kepakisan (Murih Raharjo),"Pemandian Air Panas, Telaga Sewiwi, Kawah Sileri","Desa yang terletak di dataran tinggi terdapat Kawah sileri berada di sebelah barat laut Candi Arjuna, Telaga Warna, Telaga Sewiwi (Rest Area bagi yang berkunjung ke Dieng).","Desa Kepakisan Kecamatan Batur, Kab. Banjarnegara",Berkembang,Tidak Ada,Sirup Carica,Tidak Ada,"Drumband, Tek-Tek","20 rumah, Jumlah Kamar: 40 Kapasitas 80 orang",Pokdarwis Kepakisan,55 Km,Baik,Ada,placeholder.jpg
Banjarnegara,Salamerta,Keindahan Alam,Desa dengan daya tarik wisata pemandangan alam pegunungan dan kesenian kuda kepang,"Desa Salamerta, Kecamatan Mandiraja, Kabupaten Banjarnegara",Berkembang,Tidak Ada,"Nasi Krekel, Emping Melinjo",Piti/Besek,Kuda Kepang,"ada rumah, Jumlah Kamar: 10 kamar",Pokdarwis Wayang Sakti,35 Km,"Rusak, Panjang jalan rusak 2 km",Ada,placeholder.jpg
Banjarnegara,"Desa Wisata Pagak, Rawa Lutung Tours","Ekowisata, Agro wisata",Desa Wisata Pagak yang berbasis Pertanian dengan teknologi modern dan wisata edukasi serta wahana bermain,Desa Pagak Kecamatan Mandiraja,Berkembang,Tidak Ada,"Sroto, ampyang gulung, getuk lindri, templek","Dithi, pot bunga, kurungan ayam, gubeng",Gumbeng,"2 rumah, Jumlah Kamar: 1 kamar",Pokdarwis/BUMDES,35 Km,Baik,Ada,placeholder.jpg
Banjarnegara,Nimang sari Desa Glempang Kecamatan Mandiraja,"Bukit Watu Sodong, Curug Pete",Desa wisata yang memiliki kebun buah yang terus berkembang menjadi daya tarik wisata agro dan wisata alam,Desa Glempang Kecamatan Mandiraja,Berkembang,Tidak Ada,"Nasi Oyek/leye, ikan Kali, Lalap/Kluban Urab",Kerajinan Patung dari Semen,"Lengger, Kuda Lumping",Tidak Ada,Tidak Ada,35 Km,Baik,Ada,placeholder.jpg
Banjarnegara,Dewi Sri,"Minat Khusus (Tubing, Out Bound)",Inisiatif masyarakat untuk mendirikan Desa Wisata karena adanya potensi wisata,"Desa Winong, Kec. Bawang",Berkembang,Tidak Ada,"Kripik Tempe, Tahu Bakso",Tidak Ada,"Tek-tek, Kuda Lumping",Tidak Ada,Pokdarwis/Dewi Sri,10 Km,Baik,Ada,placeholder.jpg
Banjarnegara,Wana Pesona (Desa Singamerta),Agro Durian dan Salak,Desa Wisata berbasis Agrowisata dengan unggulan Festival Durian Dirun,Desa Singamerta Kec. Sigaluh,Berkembang,Festival Durian Ndirun,"Pancake Durian, Kopi Durian, Jenang Durian","Pembuat Cobek, Kuda Kepang, Gamelan",Tek-tek,"6 rumah, Jumlah Kamar: 12 Kapasitas 25 orang",Pokdarwis,6 Km,Baik,Tidak Ada,placeholder.jpg
Banjarnegara,Desa Wisata Bitingan,"Air Terjun Panas Sirawe, Pemandian Air Panas Alami, Sunrise Bunen","Kepakisan, Batur, Banajrnegara, Jawa Tengah",Tidak Ada,Tidak Ada,"Terong Belanda, Aapem Dieng, Buntil Daun Kool, Jenang Kacang, Manisan Buah Carica",Kerajinan Bambu Kenjani,"Kesenian Tradisional Rodad, Tek-tek, Marawis",Tidak Ada,Pokdarwis KEPAKISAN,Tidak Ada,Tidak Ada,Tidak Ada,placeholder.jpg
Banjarnegara,Desa Rakitan,Goa Alam Watu Payung, Parung sungai merawu, Curug air terjun sauk,Desa Rakitan kecamatan Madukara Kabupaten Bajarnegara,Tidak Ada,Tidak Ada,"tumpeng punar uduk, panggang mas, sayur besengek, sayur rontak-rontek, pecel lele sambal salak, nasi jagung, minuman kopi jembawuk, air degan hangat dan kelapa muda",Tidak Ada,"Santi swara, Embleg (kuda kepang), kotekan lesung (tektek)",Tidak Ada,Pokdarwis,6 Km,Tidak Ada,Tidak Ada,placeholder.jpg
Banjarnegara,Desa Wisata Pesangkalan,"Curug Pletuk, Curug Muncar, Kebun Kopi, Watu Desel, Tubing","Pesangkalan RT 01/01, Kec. Pagedongan, Kab Banjarnegara",Tidak Ada,Sowan Ngalas,Nasi Inthil,Topeng Kayu,Kuda Kepang (Ebeg),Tidak Ada,Pokdarwis,Tidak Ada,Tidak Ada,Tidak Ada,placeholder.jpg
Banjarnegara,Desa Blambangan,Curug Blimbing,"Desa Blambangan merupakan salah satu desa di Kecamatan Bawang Kabupaten Banjarnegara Propinsi Jawa Tengah. Secara geografis desa Blambangan berjarak 5 km dari ibu kota Kabupaten dan berada di jalur jalan Nasional Banjarnegara – Purwokerto. Dengan luas wilayah kurang lebih 330,8 hektar.","Desa Blambangan, Kecamatan Bawang, Kabupaten Banjarnegara, Jawa Tengah",Tidak Ada,Tidak Ada,Tidak Ada,Tidak Ada,Tidak Ada,Tidak Ada,Tidak Ada,5 km,Tidak Ada,Tidak Ada,placeholder.jpg
Banjarnegara,Berta,Pemandangan alam dengan konsep panjat tebing, curug dan agro wisata serta wisata edukasi,"Desa Wisata Damarwulan adalah kawasan wisata terpadu seluas 99 Ha Terdiri dari dataran dan pegunungan dengan ketinggian 230 s/d 420 mdpl. Pemandangan alam yang sangat indah dengan sungai dan curug yang jernih diantara pegunungan dan sawah – sawah yang exotis dan menarik untuk dinikmati. Wisatawan tidak hanya bisa menikmati pemandangan alam tapi juga terdapat wisata buatan diantaranya outbond, agrowisata, panjat tebing dengan pegunungan batu yang menjulang serta disuguhi kesenian lokal dan paket wisata yang lain.","Desa Berta, Kec. Susukan, Kab Banjarnegara",Berkembang,Tidak Ada,"Nasi merah, ondol, oyek, cimplung, sayur teri, jangan bung, jangan baladewa dan gatotkaca, gula merah, gula aren","Bulu mata, rambut palsu, bithi, pembuatan tas, bata merah",Kothekan lesung,"6 rumah, Jumlah Kamar: 24 kapasitas: 50 orang",Pokdarwis Damarwulan,35 Km,"Baik dan rusak, panjang jalan rusak 1,3 Km",Ada,placeholder.jpg
Banyumas,Karangsalam,Curug Telu,"Secara administrasi desa Karangsalam termasuk dalam wilayah kecamatan Baturaden Kabupaten Banyumas. Dari ibukota kecamatan Baturraden berjarak kurang lebih 3 km, yang dapat ditempuh dengan angkutan umum dalam waktu 10 menit, dari pusat Kabupaten Banyumas berjarak 15 km, waktu tempuh kurang lebih 30 menit",Desa Karangsalam Kec. Baturraden,Berkembang,Nyadran/grebeg sadranan,Nasi Nyangku,Kerajinan Akar Rotan,Calung Remaja,"25, Jumlah Kamar: 50, Kapasitas: 115 orang",Pokdarwis Tirta Kamulyan,15 km,Baik,Ada,placeholder.jpg
Banyumas,Kalisalak,"Curug Song, Bukit Mbulu","Kebasen adalah sebuah kecamatan di Kabupaten Banyumas, Provinsi Jawa Tengah, Indonesia. Kecamatan Kebasen merupakan kecamatan dibagian selatan Kabupaten Banyumas. Kecamatan Kebasen berjarak 23 Km berkendara dari ibukota Kabupaten Banyumas yaitu Purwokerto melalui Kecamatan Patikraja. Kecamatan Kebasen termasuk kecamatan yang ramai karena merupakan pertemuan jalan nasional lintas selatan dan tengah yang menghubungkan wilayah Jawa Barat dan Pantura melalui Purwokerto dari arah barat dengan Kabupaten Cilacap dan wilayah ditimur seperti Kecamatan Sumpiuh hingga ke Kabupaten Kebumen, Daerah Istimewa Yogyakarta dan Jawa Timur.",Desa Kalisalak Kecamatan Kebasen Kabupaten Banyumas,Berkembang,Penjamasan Jimat,Cimplung,Gula merah,Ebeg (Kuda kepang),Tidak Ada,Pokdarwis Pesona Kalisalak,22 km,"rusak, Panjang jalan rusak: 3 km",Ada,placeholder.jpg
Batang,Desa Kembanglangit,"Pegunungan, Hutan Pinus","Desa kembanglangit adalah desa yang berada di wilayah Kecamatan Blado Kabupaten Batang Jawa Tengah Indonesia. Desa Kembanglangit juga berada di wilayah Hutan Pinus KPH Pekalongan Timur. Dengan kondisi alam yang sebagian besar adalah wilayah hutan pinus menjadikan desa Kembanglangit mempunyai potensi untuk dijadikan wisata alam. Jalan berkelok, Ketinggian tempat, Udara sejuk, Asri dan masih Alami tentunya.","JL. Raya Bandar-Batur Km 07 Blado Batang",Berkembang,Tidak Ada,Nasi Jagung Sambel Torek,Tidak Ada,"Kesenian Kuntul, Lengger, Dengklung","1, Jumlah Kamar 3",Pokdarwis Bombat,Km,Baik,Ada,placeholder.jpg
Batang,Desa Wisata Pandansari,"Tubing, Rafting, Outbound, Camping, Hiking",Tidak Ada,Tidak Ada,Berkembang,Tidak Ada,Opak Sambal,Tidak Ada,"Seni Angklung, Tari Denok Deblong","15, Jumlah Kamar: 15","Pokdawis KOPAL “ETOM”",Km,Baik,Ada,placeholder.jpg
Batang,Keteleng,Perkebunan Teh,"Jika sesekali Anda singgah di Kabupaten Batang, sempatkanlah untuk datang ke Kawasan Agrowisata Pagilaran. Hamparan pohon teh yang membentang sejauh mata memandang ditingkahi hembusan angin yang membawa hawa sejuk dijamin bisa menahan Anda untuk berlama-lama. Terletak di Kecamatan Blado, kecamatan paling selatan Kabupaten Batang, Pagilaran dapat dicapai dengan kendaraan pribadi ataupun kendaraan umum dalam waktu tidak lebih dari 1 jam dari pusat kota Batang.","Dk. Pagilaran, Ds. Keteleng, Kec. Blado, Kab. Batang",Berkembang,Tidak Ada,"Nasi Jagung, Opak","Kerajinan dari limbah pohon teh, Panahan, Dll","Lengger, Leak","7 tujuh, Jumlah Kamar: 41 Kamar",Pokdarwis Mustika Kamulyan,Km,Baik,Ada,placeholder.jpg
Batang,Desa Bawang,Genting Asri,Tidak Ada,Jalan Raya Curug Genting Desa Bawang - Blado - Batang,Tidak Ada,Sedekah Nasi Jagung,Nasi Jagung,Acsesories ringan,Lengger Budoyo,Tidak Ada,Pokdarwis Genting Asri,Tidak Ada,Tidak Ada,Tidak Ada,placeholder.jpg
Batang,Desa Wisata Silurah,"Air Terjun Kalirogno, Air Terjun Bidadari, Puncak Gunung Kobar","Desa Silurah, Kec. Wonotunggal Kab. Batang",Tidak Ada,Nyadran Gunung Rogokusumo,"Kopi Silurah, Gones, Teh Silurah","Kerajinan Angklung, Kerajinan Tanaman Hias Parijotho","Kesenian Kuda Lumping, Kesenian Karawitan / Campur Sari",6 Home Stay,Pokdarwis “Ganesha”,Tidak Ada,Tidak Ada,Tidak Ada,placeholder.jpg
Batang,Mustika Kamulyan,Perkebunan teeh,"Dk. Pagilaran, Ds. Keteleng, Kec. Blado, Kab. Batang",Tidak Ada,Festival Kesenian Tradisional & Sedekah Air,Nasi Jagung,Pemanfaatan Limbah Pohon Teh,Lengger & Tari Petik,5 Home Stay,Pokdarwis Mustika Kamulyan,Tidak Ada,Tidak Ada,Tidak Ada,placeholder.jpg
Blora,Desa Tunjungan,Cemoro Pitu,"Desa tunjungan memiliki beberapa Daya Tarik Wisata berupa cemoro pitu, waduk greneng, kampung durian Ngalwungan dan Agrowisata Klapanan",Desa Tunjungan Kec. Tunjungan Kab. Blora,Potensi,Festival Durian Nusantara,Ayam bakar Mbah Jami,Tidak Ada,Barongan,Tidak Ada,Pokdarwis Tunjungan,14 Km,"rusak, Panjang jalan rusak: 5 Km",Tidak Ada,placeholder.jpg
Boyolali,Desa Wisata Kemasan “DEWA EMAS”,mata air dan lahan pertanian,"Desa Wisata Kemasan “DEWA EMAS” adalah sebuah desa yang terletak dikecamatan Sawit, Kabupaten Boyolali","Desa Kemasan, Kecamatan Sawit, Kabupaten Boyolali",Berkembang,Kirab Budaya,Krupuk Kangkung dan Jamu,Anyaman Bambu,"Karawitan, Rondo Tektek dan Tari Topeng Ireng","5 Jumlah kamar: 8 kapasitas: 16 orang",BUMDes dan Pokdarwis,20 Km,Baik,Ada,placeholder.jpg
Boyolali,Desa Wisata Lencoh,Merapi-Merbabu trakking,"Desa Wisata Lencoh Terletak di lereng, merapi dan Merbabu, wisata minat khusus trakking Merapi menjadi andalan","Desa Lencoh, Kecamatan Selo, Kabupaten Boyolali",Berkembang,Sedekah Gunung Merapi,"Bubur Centung, Jatah Tempe",Tidak Ada,Kesenian Rakyat “Turonggo Setu”,"5 Jumlah kamar: 10 kapasitas: 20 orang",Merapi - Merbabu,20 Km,Baik,Ada,placeholder.jpg
Boyolali,Desa Wisata Suroteleng,"Gardu Pandang Bukit Batur, Tanjakan langit","Desa Wisata Suroteleng berada di lereng gunung merapi ketinggian 1400 mdpl, suhu 18, Menawarkan gardu pandang, bukit kapur, observasi elang jawa, tanjakan langit","Desa Suroteleng, Kecamatan Selo, Kabupaten Boyolali",Berkembang,Sedekah Gunung Merapi,"Jadah, Tempe Bacem",Tidak Ada,Kesenian Tradisional Rodat,Tidak Ada,Pokdawis Suroteleng,20 Km,Baik,Ada,placeholder.jpg
Boyolali,Desa Wisata Dewi Sambi,Gunung Merapi dan Merbabu,"Desa wisata yang terletak diantara lembah gunung merapi dan gunung merbabu kabupaten Boyolali, pada ketinggian ± 1600 Mdpl, Menawarkan Kegiatan Trekking gunung merapi dan gunung merbabu","Desa Samiran, Kecamatan Selo, Kabupaten Boyolali.",Berkembang,"Sedekah gunung merapi, sadranan","Jadah bakar, sayur centung, olahan susu, (permen dan dodol), kripik sayuran",kerajinan dari bambu,"Tari soreng, turonggo setu, topeng ireng","50 Jumlah kamar: 150 kapasitas: 300",Desa Wisata Dewi Sambi Samiran,20 Km,Baik,Ada,placeholder.jpg
Boyolali,Desa Wisata Wono Semar,Konservasi Hutan Lindung,"Wonosemar terletak di Kecamatan Simo, memiliki kawasan hutan yang sangat memiliki konservasi hitan lindung.","Desa Pentur, Kecamatan Simo",Berkembang,Kirab Budaya,Gethuk Telo,Anyaman Bambu,Tari Rakyat Wayang berjarak,"3 Jumlah kamar: 6 kapasitas: 12 orang",pokdarwis pentur,15 Km,Baik,Ada,placeholder.jpg
Boyolali,Desa Wisata “ARGA KENCANA”,"Lahan Pertanian Sayuran, Wisata Alam Gunung Merbabu","Desa Wisata “ARGA KENCANA” adalah sebuah Desa yang terletak di daerah pegunungan dengan suasana yang Sejuk dan menyuguhkan pemandangan Merapi dan merbabu, dengan memiliki daya tarik pertanian sayuran dan beraneka ragam seni dan budaya","Desa Selo, Kecamatan Selo, Kabupaten Boyolali",Potensi,"Ritual Sedekah Sumber Air pelaksanaan Safar (Kalender Jawa), Sadranan Pelaksanaan (Ruwah, Syuro, Safar) Kalender Jawa","Makanan Ringan olahan berbahan Sayuran, Kripik Tales, Bobor Centung, Kesemek, Sambal Tumpang",Pembuatan pakaian Topeng Ireng,Tidak Ada,10 Homestay,Desa Wisata “ARGA KENCANA”,20 Km,Baik,Ada,placeholder.jpg
Boyolali,Paras,Tidak Ada,"Pesanggrahan didirikan oleh sunan PB VI. Sekitar tahun 1803-1804 pesanggrahan tersebut merupakan bangunan megah. Pada tahun 1817 pesanggrahan digunakan sebagai tempat istirahat saat beliau melawat ke wilayah bagian barat serta menikmati keindahan alam dan melihat hasil perkebunan kopi saat itu.","Desa, Paras, Kecamatan Cepogo, Boyolali",Potensi,"Kirab Budaya Bulan Asyura, budaya sadranan masyarakat desa Paras dan sekitarnya","Sagon, aneka makanan olahan berbahan baku susu sapi",Tidak Ada,"Seni Tari, Rodat Nusantara","5 Jumlah kamar: 7 kapasitas: 14 orang",Pokdarwis Mawar Biru,7 Km,Baik,Ada,placeholder.jpg
Brebes,Malahayu,Pemandangan Waduk malahayu,"Desa Malahayu merupakan salah satu dari 292 desa di Kabupaten Brebes yang sebagian besar penduduknya bermata pencaharian sebagai petani, buruh harian lepas, peternak, pengrajin gerabah, dll","Desa Malahayu, Kecamatan Banjar Harjo, Kabupaten Brebes",Potensi,Tidak Ada,"Me’ndo, Tape Ketan Daun Jambu",Keramik Malahayu,Hoe Gelo (Rotan Gila),"20 Jumlah Kamar: 30 Kapasitas: 70 orang",Pokdarwis/Desa/BUMDes,45 Km,Baik,Ada,placeholder.jpg
Brebes,"Desa Kaliwlingi, Brebes",Hutan Mangrove,Bencana Sebagai Berkah dengan Menanam untuk meningkatkan ekonomi selaras alam.,Dukuh Pandansari Desa Kaliwlingi Kec. Brebes Kab. Brebes,Berkembang,"Jambore Mangrove, Rajah Bumi dan Air, Merti Bumi, Festival Pesisir, Sedekah Laut","Aneka olahan berbahan dasar ikan, Opak Bodin Aneka Rasa, Kuliner laut nikan, udang, kepiting, kerang, urab anglur, Kue mangrove, Jipang, rengginang udang, cumi, Kepiting dan legram","pemanfaatan limbah kerang untuk souvenir, batik mangrove pewarna alami.",Sintren,20 Jumlah Kamar,Pokdarwis,"8,37 Km",Baik,Ada,placeholder.jpg
Brebes,Pandansari,"Telaga Ranjeng, Wadas Kaca, Wisata Pertanian","Pandansari adalah desa di kecamatan Paguyangan, Brebes, Jawa Tengah, Indonesia. Desa ini berada di sekitar 14 kilometer arah timur dari pusat pemerintah kecamatan. Paguyangan Mayoritas penduduk desa Pandansari bekerja di sektor pertanian, yakni sayur mayur.","Pandansari, Paguyangan, Brebes, Jawa Tengah",Berkembang,"Bobor daun waluh, Olahan jamur dan Kentang",Tidak Ada,Tidak Ada,Tidak Ada,"20 Jumlah Kamar: 35 Kapasitas: 70 orang",Pokdarwis/Desa kamdo,64 Km,Baik,Ada,placeholder.jpg
Brebes,Desa Wisata Winduasri,Ngabaur Jeung Alam (Menyatu Bersama Alam),"Desa Winduasri merupakan salah satu desa dari 21 desa di Kecamatan Salem kabupaten Brebes, Karena budaya gotong royong di desa ini sangat kental dan hubungan antara masyarakat dengan Aparat desa serta desa dengan Kecamatan dan Kabupaten sudah terjalin baik tak heran desa ini jalan dalam desanya sudah diaspal dan tempat musyawarah dengan lapisan masyarakat setempat.","Ds. Winduasri Kec. Salem. Kab. Brebes Jawa Tengah",Berkembang,"Tape Ketan, Sale Pisang, Lahang, Sayur Pakis","Anyaman bambu, Caping Lontar",Tari jaipong,Tidak Ada,"20 Jumlah Kamar: 20 Kapasitas: 40 orang",Pokdarwis/Desa RANTO CANYON,64 Km,"rusak, Panjang jalan rusak: 5 Km",Ada,placeholder.jpg
Brebes,Kampung Adat Jalawastu,Tidak Ada,"Kampung Budaya Jalawastu merupakan sebuah komunitas adat masyarakat yang berada di antara lereng Gunung Kumbang dan Gunung Sagara, Komunitas ini melestarikan sebuah tradisi Sunda Jawa.","Desa Ciseureh, Kec. Ketanggungan. Kab. Brebes",Berkembang,Ngasa,Nasi Jagung,Tidak Ada,Hoe Gelo (Rotan Gila),"6 Jumlah Kamar: 12 Kapasitas: 24 orang",Pokdarwis/Desa Dastam,60 Km,"rusak, Panjang jalan rusak: 5 Km",Ada,placeholder.jpg
Brebes,Kampung Wisata Limbangan Wetan,Tidak Ada,"Berdasar cerita tutur tinular sesepuh desa, asal mula Desa Limbangan tidak bisa dipisahkan dengan jaman kolonial Belanda. Berdirinya Desa Limbangan karena perjuangan dari nenek moyang yang bubak yoso (babat hutan) yang dulunya merupakan alas gong liwang liwung (hutan rimba).","Kelurahan Limbangan Wetan, Kec. Brebes, Kab. Brebes",Potensi,Tidak Ada,"Telor Asin, Bandeng Presto, Bawang Goreng","Pengrajin Rambut (Sanggul, Wig), Accesoris Manik-manik",Tidak Ada,"6 Jumlah Kamar: 12 Kapasitas: 24 orang",Pokdarwis/Desa Dastam,60 Km,Rusak,Ada,placeholder.jpg
Cilacap,Karangbanar,"Pantai/ Laut, Pemancingan alam muara kali ijo","Desa Wisata Karangbanar terletak di wilayah Paling timur Kabupaten Cilacap yang merupakan Daerah tujuan wisatawan dari berbagai penjuru Daerah. Dengan fasilitas jalur aspal hotmix Pantai Jetis mudah di tempuh dari berbagai arah seperti: Sumpiuh, Kroya, Tambak, Gombong, Purwokerto, Cilacap dll.","JL. Gatot Subroto 14, Desa jetis, Kec. Nusawungu",Berkembang,Sedekah Laut dan Merdi Bumi,Olahan hasil laut (krupuk ikan),OlaJok / Kursi Bambu Wulung,"Calung/ lengger, kuda kepang, wayang kulit dan pencak silat","50 unit, 1 kamar, 2 tempat tidur",Pokdarwis Lembasita,40 Km,baik,ada,placeholder.jpg
Cilacap,Samudra Mandiri Sejahtera,Pantai Selatan Jawa,"Pantai Indah Widarapayung terletak di Pantai Wisata Selatan Jawa Samudra Hindia, tepatnya di Desa Widarapayung Wetan Binangun, Kab. Cilacap Jawa Tengah Indonesia. Pantai Indah Widarapayung selain menawarkan panorama yang indah juga sangat baik untuk bermain Selancar.","JL. Laut 4, RT/RW 24/06 Desa WID.Payung Wetan, Kec. Binangun",Berkembang,Layang-layang,"Peyek yutuk, kupat pecel dan mendoan",Batik wringin putih,Ebeg,"10 unit, 1 kamar, 2 tempat tidur",Pokdarwis Pantai Indah Widarapayung (PIW),35 Km,baik,ada,placeholder.jpg
Cilacap,Gentawisata,Tidak Ada,"Desa Gentawisata terletak di Desa Gentasari, Wisata Kec. Kroya, salah satu tempat wisata yang ada di Gentawisata ini adalah Moesium Susilo Soedarman, Moesium Susilo Soedirman ini ada salah satu daya tarik wisata yang sangat terkenal khususnya di Hari Raya Idul Fitri, para wisatawan banyak yang berkunjung ke Musium tersebut","JL. Temu Giring 1 N.4, Desa gentasari, Kec.Kroya",Berkembang,Festival Wellcome Dance,Minuman sari jahe,Kursi bambu wulung,Kuda kepang dan kenthongan,10 rumah,Pokdarwis Gentawisata,40 Km,Baik,ada,placeholder.jpg
Cilacap,Wagir Indah,Pantai,Tidak Ada,"JL. Satria, Deas Welahan Wetan, Kec. Adipala",Tidak Ada,Tidak Ada,"Kripik pisang, Emping",Tidak Ada,Tidak Ada,Tidak Ada,Pokdarwis Wagir Indah,Tidak Ada,Tidak Ada,Tidak Ada,placeholder.jpg
Cilacap,Cimendawai Indah,Curug dan Susur Sungai,Tidak Ada,"Desa Datar, Kec. Dayeuhluhur",Tidak Ada,Tidak Ada,Tidak Ada,Tidak Ada,Tidak Ada,Tidak Ada,Pokdarwis Cimendaway Indah,Tidak Ada,Tidak Ada,Tidak Ada,placeholder.jpg
Cilacap,"Bojong rongga Indah","Air","Desa Bojongsari Kec.Kedungreja Kab. Cilacap",Tidak Ada,Wayang kulit semalam suntuk dalam acara sedekah bumi,"Sale Goreng, Sale Basah, Mendoan / Tempe goreng","Caping, Sapu dari tepes kelapa, Kerajinan Tas",Kuda kepang,Tidak Ada,Pokdarwis,Tidak Ada,Tidak Ada,Tidak Ada,placeholder.jpg
Cilacap,Curug Geulis,Curug,Tidak Ada,"Desa Cisuru, Kec. Cipari",Tidak Ada,Tidak Ada,Pecel awung-awung,Furniture,"Kuda kepang, sintren, tek tek, hadroh dan terbang",Tidak Ada,Pokdarwis Curug Geulis,Tidak Ada,Tidak Ada,Tidak Ada,placeholder.jpg
Demak,Desa Wisata Agro Edukasi,"perkebunan buah klengkeng","mlatiharjo kec. Gajah kab. Demak",Tidak Ada,Tidak Ada,"botok sayur, pecelan jantung, minuman jamu coro","batik khas mlatiharjo, kerajinan boneka",kesenian barongan,20 Home Stay,Pokdarwis Melati Pesona,Tidak Ada,Tidak Ada,Tidak Ada,placeholder.jpg
Demak,Desa Mlatiharjo,Tidak Ada,"Desa Mlatiharjo terletak di Kecamatan Gajah. Merupakan desa penghasil produk-produk pertanian dengan kualitas unggulan, misalnya kelengkeng itoh, pepaya, sawo, dan sirkaya jumbo, serta beras merah dan beras hitam organic.","mlatiharjo kec. Gajah kab. Demak",Tidak Ada,Tidak Ada,Tidak Ada,Tidak Ada,Tidak Ada,Tidak Ada,Tidak Ada,Tidak Ada,Tidak Ada,Tidak Ada,placeholder.jpg
Kabupaten Semarang,Jembrak,Kalimas,Tidak Ada,Desa Jembrak Kec.Pabelan,Berkembang,Tidak Ada,Bokong (Bolu Singkong),Keranjang Pindang,Turonggo Sakti,10 unit,Pokdarwis,Km,Baik,Ada,placeholder.jpg
Kabupaten Semarang,Jetis (Hawa Atis),"Srengkel Hue, produk pertanian","Desa dengan potensi berupa kebun bunga krisan, kebun salak serta pengrajin bordir","Jl. Dr. Cipto Mangunkusumo KM.05 Desa Jetis",Berkembang,Tidak Ada,kripik jamur,"Ronce Bunga, dan Kaligrafi, Bordir dan Jahit","Drumblek, Rebana",Tidak Ada,Pokdarwis,24 Km,Baik,Ada,placeholder.jpg
Kabupaten Semarang,Kebondowo,Rawa Pening,Desa wisata di pinggir rawa pening dengan landscape perbukitan indah,Desa Kebondowo Kecamatan Banyubiru,Tidak Ada,Tidak Ada,"udang goreng, peyek wader, ikan bakar",souvenir yang berbahan dari Enceng Gondok.,Seni Kuda Lumping,"2 unit, 4 kamar",Pokdarwis,18 Km,Baik,Ada,placeholder.jpg
Kabupaten Semarang,Grojogan Klenting Kuning,"grojogan/air terjun, dan hutan pinus",Desa wisata dengan tema wisata alam yang berupa air terjun dengan dinding tebing berwarna kuning dan air yang jernih,Dsn Kemawi Kec. Sumowono Kab. Semarang,Tidak Ada,Sedekah Desa,Bobor Centung,"Keranjang bambu, Kaca Befel, kaca hias",Reog Turonggo Aji,2 unit,Pokdarwis Klenting Kuning,26 km,Rusak,Ada,placeholder.jpg
Kabupaten Semarang,Losari (bantir Hills),Tidak Ada,Desa wisata berbasis alam berupa ekowisata,Tidak Ada,Berkembang,Tidak Ada,Tidak Ada,Tidak Ada,Tidak Ada,Tidak Ada,Pokdarwis Gentur Cahaya Gumintang,Km,Tidak Ada,Ada,placeholder.jpg
Kabupaten Semarang,Rogo Mulyo,Batu Kembar Jatisari,Tidak Ada,Desa Plumutan Kec. Bancak Kab Semarang,Tidak Ada,Tidak Ada,Nasi Jagung,Rogo-rege,Noknik,4 Unit,POKDARWIS ROGO MULYO,Km,Tidak Ada,Tidak Ada,placeholder.jpg
Kabupaten Semarang,Sepakung,"Gumuk Reco, Cemoro Sewu, Air Terjun Goa Semar, kali kulon, bukit klarasan","Desa Wisata Sepakung yang berada di ketinggian 1200mdpl, menyuguhkan panorama-panorama alam yang sungguh mempesona. Salah satunya gumuk reco, gumuk reco berada di dusun kenongo, gumuk reco menyajikan panorama alam damparan sawah-sawah dan tebing-tebing tinggi.","Sepakung, Bnyubiru, Semarang, Jawa Tengah.",Berkembang,gantole digunug telomoyo dan merti dusun,"kripik pegangga, nasi jagung, kopi jangkung","bandul bahan kayu pinus, dan lain-lain","Reog, Rodat, Prajuritan","jmlah kamar 8 kamar kapasitas: 2 orang/ kamar",Pokdarwis dan BUMDES,5 Km,Baik,Ada,placeholder.jpg
Kabupaten Semarang,Bener Kaki Merbabu,"Tubing dan Pemandangan, Hutan Desa",Tidak Ada,"Jalan Lurik Manunggal RT.05 RW.01 Desa Bener, Kec.Tengaran",Tidak Ada,Tidak Ada,Tidak Ada,Tidak Ada,Tidak Ada,Tidak Ada,Tidak Ada,Tidak Ada,Tidak Ada,Tidak Ada,placeholder.jpg
Kabupaten Semarang,Kampung Susu,Tidak Ada,Tidak Ada,"Desa Sumogawe Kec. Getasan, Kab. Semarang, Jateng",Tidak Ada,Tidak Ada,Olahan dari susu sapi segar,Kerajinan tangan dari bambu,"Reog, Drumblek, Krawitan, Prajuritan, kuda Lumping dan rodat",4 Unit,Pokdarwis Ken Nyusu,Tidak Ada,Tidak Ada,Tidak Ada,placeholder.jpg
Kabupaten Semarang,Gertas Lereng Kelir,Menikmati keindahan panorama alam pegunungan,Tidak Ada,"Dusun Gertas, Desa Brongkol RT 04/ RW 06, Kecamatan Jambu, Kabupaten Semarang",Tidak Ada,"Dandan Kali, Nyadran, Merti Dusun","Likak Likuk (Donat Jowo), Nasi rentung kelir (Rendang Jantung), Nasi thewel, Sego lodri, nasi goreng jagung, Sego gepeng gereh bakar (sego neton), Kopi Serai",Ayunan kayu,"Nadrak “Rukun Santoso”, Soreng “Tunas Muda Putra Mardi Irama”, Orkes Dangdut “Lansia Nada”",2 unit,Tidak Ada,Tidak Ada,Tidak Ada,Tidak Ada,placeholder.jpg
Kabupaten Semarang,Desa Wisata Belajen (KAMPUNG PELANGI),Danau Rawa Pening Bejalen,"DESA BEJALEN KEC. AMBARAWA KAB. SEMARANG",Tidak Ada,Tidak Ada,"Aneka Olahan Ikan Air Tawar, Oseng Genjer, Batagor Ikan Betutu, Stik Ikan Betutu, Aneka Rempeyek Hasil Tangkapan Rawa dll.",Tidak Ada,"Kuda Lumping, Kuda Blarak, Karawitan, Dangdut (Orkes Melayu Teranada), Rebana.",2 unit,Pokdarwis dan BUM Desa,Tidak Ada,Tidak Ada,Tidak Ada,placeholder.jpg
Kabupaten Semarang,Dewata Genting,wisata agro kelengkeng itoh,Tidak Ada,"jln Durian Desa Genting Kecamatan jambu kab. Semarang 50663",Tidak Ada,festifal desa gentig. Festial reok,"welcome drink jenang candil suwek & cilembu, emping ketan. Kripik tales, kripik jamur",tas pelepah pisang,Tidak Ada,Tidak Ada,Pokdarwis DEWATA Genting,Tidak Ada,Tidak Ada,Tidak Ada,placeholder.jpg
Kabupaten Semarang,Desa Wisata Kemetul,Eksplorasi Alam Humanisme,Tidak Ada,"Desa Kemetul, Kecamatan Susukan, Kabupaten Semarang, Indonesia.",Tidak Ada,Tidak Ada,Gemblong Chotot Dan Teh Kothok,Slet Siluet,Angguk dan Reog Sekar Kanthil,"20 Homestay + 4 Rumah Survival",Pokdarwis Sekar Kanthil,Tidak Ada,Tidak Ada,Tidak Ada,placeholder.jpg
Kabupaten Semarang,Desa Wisata Gemawang,Wisata Gunung Watu Gemawang,Tidak Ada,"Gemawang, Kec. Jambu, Kab. Semarang",Tidak Ada,Tidak Ada,Singkong Beku dan Kopi,Batik Gemawang,Tarian Topeng Kelana Lanceng,35,Pokdarwis Gemawangi,Tidak Ada,Tidak Ada,Tidak Ada,placeholder.jpg
Kabupaten Semarang,Desa Wisata Lerep,"Curug Indrokilo, Puncak Bidadari, Waduk Mini Embung Sebligo","Jl. Kalimasada No. 157 Dsn. Soka Desa Lerep Kec. Ungaran Barat",Tidak Ada,Tidak Ada,"kopi ceplus, lodek, dan bubur suweg, aneka kripik",Tidak Ada,Tidak Ada,Tidak Ada,Tidak Ada,Tidak Ada,Tidak Ada,Tidak Ada,placeholder.jpg
Kabupaten Semarang,Senjoyo Village,Sungai Senjoyo,"Jl. Let Jend Soemitro Krajan RT 01 RW 01 Tegalwaton Kec Tengaran, Kab. Semarang",Tidak Ada,Kejurda Pordasi,Bakwan jermbak,Tidak Ada,Reog,"1 unit, 3 kamar",Senjoyo Village,Km,Tidak Ada,Tidak Ada,placeholder.jpg
Kota Semarang,Kandri,"Sawah terasering, Sendang/mata air","Desa Kandri ini juga memiliki karakteristik dari sebuah pananaman Desa Wisata tersebut. Dimana beberapa yang perlu kita ketahui tentang Desa Kandri ini adalah mengenai seni budaya tradisionalnya, dan juga potensi alamnya yang sampai saat ini masih dilestarikan",Desa Kandri Gunungpati,Berkembang,Nyadran Kali,Sego Kethek dan Krowotan,"Baik, sovenir kalung, miniatur patung dari kulit pohon","Tari matirta suci, kemplimg","100 unit, 120 kamar, kapasitas 120 orang",Pokdarwis Pandanaran,17 Km,Baik,Ada,placeholder.jpg
Kota Semarang,Wonolopo,"Sawah terasering, Sendang/mata air","pandansari adalah desa di kecamatan Paguyangan, Brebes, Jawa Tengah, Indonesia. Desa ini berada di sekitar 14 kilometer arah timur dari pusat pemerintah kecamatan. Paguyangan Mayoritas penduduk desa Pandansari bekerja di sektor pertanian, yakni sayur mayur",Desa Wonolopo Mijen,Berkembang,"Kirab Budaya, Wonolopo Festival dan Festival Durian",Sedo Gudangan dan Krowotan,Tidak Ada,"Rebana, Karawitan, Sepeda Roda Satu","20 unit, 80 kamar, kapasitas 60 ORANG",Pokdarwis Manggar,20 Km,Baik,Ada,placeholder.jpg
Kota Semarang,Nongkosawit,"Sawah terasering, Grojogan Air Mah Tukung","Desa Nongkosawit berasal dari kata ""Nongko Sak Sawit"" dalam bahasa Jawa. Artinya dulu ada pohon nangka yang sebesar 1 pohon (sak sawit)","Jl. Nongkosawit Utama No.3 RT02/RW01 Nongkosawit",Potensi,"Kirab Pusaka Kyai Bende, Festival Pohon, Apitan","Nasi Tedun/Taqir dan Trowodan jajan Pasar","Kincir Bambu, Kalung gelang jenetri (rudraksa)","Jaran kepang, Cokekan dan Kuntulan","45 unit, 100 kamar, 250 orang",Pokdarwis Kandang Gundung,10 km,Baik,Ada,placeholder.jpg
Kota Semarang,Cepoko,"Sawah Terasering, Agro wisata durian, Jambu kristal","Kota wisata memiliki kebun buah baru bernama kebun buah cepoko. Kebun buah yang dilaunching Pemerintah Kota Semarang, Februari 2017 lalu yang ditandai dengan panen raya ini.","cepoko Gunungpati",Potensi,Kirab Budaya,Tidak Ada,Tidak Ada,"Jaran kepang, Cokekan dan Kuntulan","10 unit, 50 kamar, 100 orang",Pokdarwis Joyokusumo,10 km,Baik,Ada,placeholder.jpg
Kota Semarang,Jatirejo,"Sawah terasering, Grojogan Air Mah Tukung","Desa Jatirejo dikenal dengan nama kampung ""KAKOLA"" kampung kolang-kaling sebagai sentra pembuatan kolang-kaling.","Jatirejo, Gn. Pati, Kota Semarang, Jawa Tengah 50223",Potensi,"Kirab Pusaka Kyai Bende, Festival Pohon, Apitan","Nasi Tedun/Taqir dan Trowodan jajan Pasar","Kincir Bambu, Kalung gelang jenetri (rudraksa)","Jaran kepang, Cokekan dan Kuntulan","45 unit, 100 kamar, 250 orang",Pokdarwis Kandang Gundung,10 km,Baik,Tidak Ada,placeholder.jpg
Kota Semarang,Desa Wisata Jamalsari / Kedungpane,Waduk Jatibarang,Nama Desa Jamalsari berasal dari tokoh masyarakat yang pertama kali tinggal di desa Jamalsari yang bernama Mbah Jamal,"Dk. Jamalsari RT 05 / ll Mijen Semarang",Berkembang,kirab prosesi resik-resik waduk,"Nasi Jantung Raja, Bir Plethok",Kerajinan dari barang bekas,Kuda Lumping,"15 kamar, 30 orang","13,5 Km","Rusak, panjang jalan rusak: 1 km",Tidak Ada,placeholder.jpg
Kota Semarang,Tugurejo,"Sawah terasering, Grojogan Air Mah Tukung, pantai, mangrove","Potensi paling besar di desa wisata Tapak Tugurejo yaitu destinasi mangrove. Rimba bakau yang melapisi pantai utara Semarang (Jawa) itu cukup lebat dan bagus untuk jadikan destinasi wisata, dan sebagai sarana pendidikan anak-anak.","Tapak, Tugurejo, Tugu, Kota Semarang, Jaawa Tengah 50152",Potensi,Tidak Ada,Seafood,Tidak Ada,Blekok,"5 kamar, 100 kamar, 150 orang",Pokdarwis,10 Km,Tidak Ada,Tidak Ada,placeholder.jpg
Kota Semarang,Purwosari,Sawah terasering,Desa Purwsari Mijen mempunyai potensi wisata selfie foto kekinian yang digandrungi kawula muda. Salah satunya adalah kebun Anggrek Sodong,"Purwosari, Mijen, Kota Semarang, Jawa Tengah 50217",Potensi,Anggrek Festival,"Nasi Tedun/Taqir dan Trowodan jajan Pasar",Kalung gelang jenetri (rudraksa),"Jaran kepang, Cokekan dan Kuntulan",Tidak Ada,Pokdarwis,25 Km,Baik,Ada,placeholder.jpg
Sragen,Desa Krebet Kecamatan Masaran,Sendang Emas,"Gemblak, Rt 30. Krebet, Masaran, Sragen",Tidak Ada,Event budaya desa Krebet,Kacang Oven,"Bantal Dakron, Kaca Ukir, Blangkon, Sangkar Burung",Tidak Ada,Tidak Ada,Tidak Ada,Tidak Ada,Tidak Ada,Tidak Ada,placeholder.jpg
Sragen,Betisrejo,Sumber Air Panas Bayanan, Sumber Air Panas Kedung Pawon, Sumber Air Panas Gamping,Tidak Ada,"Desa Jambeyan – Jetis – Sukorejo, Kecamatan Sambirejo",Tidak Ada,Tidak Ada,Trowolo,Tidak Ada,Tidak Ada,Tidak Ada,Pokdarwis,Tidak Ada,Tidak Ada,Tidak Ada,placeholder.jpg
Sragen,Kliwonan,Tidak Ada,"Sebagai kawasan wisata belanja dan pendidikan, Sebagai kawasan klaster batik utama, Sebagai kawasan kesenian tradisional kentongan, Sebagai salah satu pusat perekonomian di Sragen","Desa Jambeyan – Jetis – Sukorejo, Kecamatan Sambirejo",Tidak Ada,Tidak Ada,Tidak Ada,"Tas Batik, Dompet Batik, Bantal Hias Batik, Selimut Batik",Kentongan,3 kamar,Tidak Ada,Tidak Ada,Tidak Ada,Tidak Ada,placeholder.jpg
Sukoharjo,Kenep,Kalimati (Embung yang ditumbuhi tanaman Enceng Gondok),"Kenep adalah Kelurahan yang berada di Kecamatan Sukoharjo, Kabupaten Sukoharjo, Provinsi Jawa Tengah. Sebagai Desa Wisata Kreatif, Kenep mempunyai banyak potensi wisata, namun yang telah banyak kegiatannya adalah wisata edukasi.","Desa Wisata Kreatif Kenep, Kelurahan Kenep, Kecamatan Sukoharjo, Kabupaten Sukoharjo",Berkembang,Grebeg Bengawan dan Festival Enceng Gondok Berbunga,"Jenang, Krasikan, Botok Miri",Batik,Tidak Ada,1 unit,Pokdarwis “Kampung Sanga”,6 Km,"rusak, Panjang jalan rusak: 2 Km",Ada,placeholder.jpg
Sukoharjo,Trangsan,Tidak Ada,"Trangsan adalah desa di kecamatan Gatak, Sukoharjo, Jawa Tengah, Indonesia. Desa Trangsan terkenal dengan sentra kerajinan rotan terbesar di Kabupaten Sukoharjo.","Desa Trangsan, Kel. Trangsan, Kec. Gatak, Kabupaten Sukoharjo",Berkembang,Grebeg Penjalin Rotan Trangsan,"Sambel Tumpang, Emping Mlinjo",Rotan,Tidak Ada,Tidak Ada,Pokdarwis “Mata Bangsa”,6 Km,Baik,Ada,placeholder.jpg
Sukoharjo,Wirun,Telaga Wirun (sebagai sarana pemancingan dan lomba dayung),"Desa Wisata Wirun menjadi salah satu desa wisata yang paling dikenal di Sukoharjo karena banyaknya potensi wisata yang dimiliki kawasan itu. Desa yang berada di Kecamatan Mojolaban itu pun memiliki akses yang mudah untuk dituju dari Kota Solo dan Karanganyar.","Desa Wirun, Kec. Mojolaban, Kabupaten Sukoharjo",Berkembang,Tidak Ada,Bakmi Jowo,"Gamelan, Genteng, Budidaya Tanaman Bonsai, Kain Jumputan",Tidak Ada,Tidak Ada,Masyarakat,10 Km,Baik,Ada,placeholder.jpg
Surakarta,Kampung Batik Kauman,Tidak Ada,"Kampung Batik Kauman juga menjadi pusat batik tertua di Kota Solo. Berlokasi tidak jauh dari jalan utama Slamet Riyadi dan Jalan Rajiman. Akses menuju Kampung Batik Kauman dapat ditempuh dengan bus Batik Solo Trans (BST) dari Stasiun Balapan.","Kauman, Pasarkliwon, Surakarta",Berkembang,Tidak Ada,"Ledre, dawet",Batik,Tidak Ada,Tidak Ada,Forum Kampung Wisata Batik Kauman,1 Km,Baik,Ada,placeholder.jpg
Surakarta,Kampung Batik Laweyan,Tidak Ada,"Kampung Laweyan merupakan kawasan sentra industri batik yang unik, spesifik dan bersejarah. Berdasarkan sejarah yang ditulis oleh R.T. Mlayadipuro desa Laweyan (kini Kampoeng Laweyan) sudah ada sebelum munculnya kerajaan Pajang.","Jl. Dr Rajiman 521 Kampoeng Batik Laweyan Surakarta",Berkembang,selawenan,"Ledre, kue apem",Tidak Ada,Tidak Ada,"25 Jumlah Kamar: 150",Forum Pengembangan Kampoeng Batik Laweyan,"3,7 Km",Baik,Ada,placeholder.jpg
Tegal Kabupaten,Cempaka,Telaga (Tuk Mudal),"Desa cempaka merupakan Desa Wisata yang berbasis pada kombinasi antara keunikan sumber daya alam dan aktivitas ekonomi kreatif sebagai daya tarik wisata utamanya. Terdapat daya tarik alam berupa telaga (Tuk Mudal), dimana di telaga ini dapat dilakukan aktivitas memancing sambil menikmati keindahan alam serta udara yang segar.","Jl. Desa Cempaka RT 02 RW 01 Kec. Bumijawa Kab. Tegal Indonesia",Potensi,"Festival Kampoeng Bambu, Ruwat Bumi","Serabi, Cukit, Cetot, Cangkang ndog","Kotak Tisu, Gantungan Kunci Bambu, Nampan Bambu, Tiker Bambu, Lukisan Siluet Bambu, Tempat Bolpoint Bambu.",Amuba (alunan musik bambu),37 Unit,Pokdarwis dan BUMDES,45 Km,Baik,Ada,placeholder.jpg
Tegal Kabupaten,Cikura,Hutan Pinus,"Desa Wisata Cikura merupakan desa Wisata Religi yang terletak di Desa Cikura Wilayah Kecamatan Bojong Kabupaten Tegal. Terdapat daya tarik berupa makam ulama besar Syech Armia yang dimakamkan di lingkungan pondok pesantren.","ponpes attauhidiyah Cikura RT 02 RW 01 kec. Bojong Kab. Tegal",Berkembang,Haul Syech Armia,kue pasung,Tidak Ada,Terbang jawa,Tidak Ada,Pokdarwis desa Cikura,27 Km,"rusak, Panjang jalan rusak: 3 km",Tidak Ada,placeholder.jpg
Tegal Kabupaten,Kaligayam,Tidak Ada,"Desa Wisata Kaligayam merupakan desa wisata religi yang terletak di Wilayah Kecamatan Talang Kabupaten Tegal Provinsi Jawa Tengah yang berjarak 3 Km ke arah utara dari Kota Slawi, memiliki 23 Rukun Tetangga yang dibawahi oleh 6 Rukun Warga.","Jl. Karyani No.1 RT. 08 Rw. 02 Kaligayam",Berkembang,Khaul KH. Abu ‘Ubaidah dan Khaul KH. Sa’id bin KH. Armia,Krupuk Rambak,Seni Kerajinan Bordir,Seni Hadroh,Tidak Ada,Pokdarwis Desa Kaligayam Kec. Talang,11 Km,"rusak, Panjang jalan rusak: 5 km",Ada,placeholder.jpg
Tegal Kabupaten,Muncanglarang,Sendang Kemadu,Sendang Kemadu adalah lokasi wisata yang berbentuk telaga. Merupakan sumber mata air warga dukuh pereng desa Muncanglarang Kecamatan Bumijawa untuk kebutuhan sehari-hari.,Desa Muncanglarang Kecamatan Bumijawa Kabupaten Tegal,Berkembang,Festival Budaya Daerah dan Seni,keripik pisang,Tidak Ada,Terbang Jawa dan Hadroh,Tidak Ada,Pokdarwis,35 Km,Baik,Ada,placeholder.jpg
Tegal Kabupaten,Sigedong,Kampoeng Sayur,"Kampoeng Sayur adalah lokasi wisata yang bernuansa alam, lokasi desa wisata berada di wilayah pegunungan sebagai penghasil sayur. Sebagian besar warga masyarakat bekerja sebagai petani sayur.","Desa Sigedong Kecamatan Bumijaw Kabupaten Tegal",Berkembang,Festival Kampoeng Sayur,"Ondol, Ganyong, Stek Kentang, Keripik Sayur",Tidak Ada,"Kuda Lumping, Kuntulan, Terbang Jawa, Hadroh","10, Jumlah Kamar: 13, Kapasitas: 2 orang",Pokdarwis dan BUMDES,45 Km,Baik,Ada,placeholder.jpg
Tegal Kota,Dukuh Kajongan,Wisata Mangrove,Sebuah desa yang menawarkan pengalaman wisata edukasi kepada pengunjung dengan menonjolkan keindahan ekowisata/agrowisata berupa area tambak ikan yang dikelilingi oleh tanaman mangrove dan memiliki banyak spot yang strategis untuk memancing ikan serta didukung oleh produksi hasil perikanan darat dan laut,Dukuh Kajongan Kelurahan Muarareja Keamatan Tegal Barat Kota Tegal,Berkembang,Tidak Ada,"Bandeng Presto, Ikan Bakar, Terasi",Kerajinan Kerang,Kesenian Balo-Balo,7 Unit,Pokdarwis Kajongan Deli,5 Km,Baik,Ada,placeholder.jpg
Temanggung,Liyangan,Tidak Ada,Desa wisata dengan karakteristik budaya yang memiliki peninggalan situs bersejarah abad Mataram Kuno yang sedang dalam proses ekskavasi,"Dn. Liyangan, Ds. Purbosari, Kec. Ngadirejo, Kab. Temanggung",Tidak Ada,Nyadran Tuk Tempurung,"Nasi jagung, Sirum kemar, kopi lanang","Kerajinan topeng, kostum tari tradisional, cinderamata kayu","kuda kepang, lengger","5, Jumlah Kamar: 5, Kapasitas: 30 orang",pokdarwis,20 Km,Baik,Ada,placeholder.jpg
Temanggung,Cepit Pagergunung,Pemandangan alam lereng Gunung Sumbing,Desa wisata dengan mengangkat tema alam pertanian tembakau dan sayuran khas lereng Gunung Sumbing,"Dn. Cepit, Ds. Pagergunung, Kec. Bulu, Kab. Temanggung",Berkembang,Nyadran Rejeb Plabengan,"nasi jagung, sawut, tempe ketan, kopi lamsi, teh maringgo","kerajinan pakaian badong, tenun lidi, tas pelepah pisang",Tari Kuda Lumping,"5, Jumlah Kamar: 5, Kapasitas: 30 orang",pokdarwis,15 Km,Tidak Ada,Tidak Ada,placeholder.jpg
Temanggung,Makukuhan,Tidak Ada,desa wisata yang mendukung aktivitas daya tarik wisata religi Ziarah Makam Ki Ageng Makukuhan,"Ds. Kedu, Kec. Kedu, Kab. Temanggung",Berkembang,Kirab Ki Ageng Makukuhan,"kupat sambel, ndog bulus, kuban ramban",Tidak Ada,sendratari Kembang Madu,"12, Jumlah Kamar: 12, Kapasitas: 50 orang",pokdarwis,6 Km,Baik,Ada,placeholder.jpg
Temanggung,Tirto Aji,Tidak Ada,desa wisata berbasis budaya masyarakat lokal berbasis pertanian dan budaya dengan didukung keberadaan Sendang Sidhukun sebagai daya tarik unggulan,"Ds. Traji, Kec. Parakan, Kab. Temanggung",Berkembang,Suran Traji,"kripik nila, jenang candhil, jamu jawa","keranjang tembakau, kurungan ayam",Kuda Lumping,"6, Jumlah Kamar: 6, Kapasitas: 30 orang",BUMDES,16 Km,Baik,Tidak Ada,placeholder.jpg
Temanggung,Dewi Eramaya (Desa Wisata Ngropoh),Tidak Ada,desa wisata yang memiliki potensi unggulan budi daya buah durian dengan didukung daya tarik wisata buatan Embung Abimanyu,"Ds. Ngropoh, Kec. Kranggan, Kab. Temanggung",Berkembang,Festival Durian Ngropoh,buah durian,Tidak Ada,"kuda lumping, warok","5, Jumlah Kamar: 5, Kapasitas: 30 orang",BUMDES,10 Km,"rusak, Panjang jalan rusak: 5 km",Tidak Ada,placeholder.jpg
Wonogiri,Conto,"Hutan Pinus, Air Terjun, Goa","Desa Conto merupakan desa wisata baru yang menawarkan berbagai wisata edukasi alam dan budaya. Desa Conto sendiri terletak di sisi selatan lereng Gunung Lawu dan secara administratif terletak di Kecamatan Bulukerto, Wonogiri, Jawa Tengah.","Jl Raya Bulukerto – Conto, Desa Conto, Kec. Bulukerto",Berkembang,"Reksa Bumi, Pawai Hari Santri Nasional","Cincau, Janggelan, Jamu, Nasi Tiwul, Gethuk, Gathot, Panggang, Wi Godok, Gendar, Pecel, Trancam, Nogosari, Klepon, Apem, Bothok, Tempe lam, Bunthil, Sandung Lamur, Krupuk Puli, Jenang, Arem-Arem, Lemper, Oblok-oblok, Jangan Lombok, Pathi Onggok, Sayur Klekah, Olahan Laron, Sambel Welut, Utri, Sadariah, Satelit, Satrio Mujung, Ontel, Pelas, Bongko.","Akarwangi, Ukir Sandal, Mebel, Terompet, Gelang Kopi, Layang-Layang, Dadak Merak, Topeng, Lukisan, Kendhang, Bunga Klobot","Reyog, Angklung, Karawitan",20 Unit,Pokdarwis,54 Km,Baik,Ada,placeholder.jpg
Wonogiri,Kepohsari,"Pesona Gunung Kotak, Air Terjun Banyu Nibo, Kampung Batu","Desa Kepuhsari merupakan salah satu desa di Kecamatan Manyaran Kabupaten Wonogiri wilayah Soloraya. Desa Kepuhsari bisa ditempuh dari Kota Solo dengan waktu tempuh kurang lebih 1 jam, dan dari Kota Yogyakarta dengan waktu tempuh kurang lebih 1,5 jam.","Desa Kepuhsari, Kec. Manyaran",Berkembang,Tidak Ada,"Tiwul, Besengek, Sayur Lombok, Bothok Daun Racun","Wayang Kulit, Souvenir Kulit, Anyaman Bambu","Reyog, Karawitan, Tayub, Wayang Kulit","38, Jumlah Kamar: 99 kamar, Kapasitas: 213 orang",Pokdarwis Tetuko,25 Km,Baik,Ada,placeholder.jpg
Wonosobo,Sembungan (Bukit Sikunir),"Telaga Cebong, Sunrise Bukit Sikunir",Wisata Alam Telaga Cebong Dan Sunrise di puncak bukit Sikunir,Cebong Sikunir,Maju,Tidak Ada,"carica, purwaceng, kentang godok",Tidak Ada,rodad,"100 Jumlah Kamar 250 Kapasitas: 500 orang",Pokdarwis/BUMDES,37 Km,Baik,Ada,placeholder.jpg
Wonosobo,Lembah Seroja,"Wisata alam Bukit Seroja, kebun teh Tambi",sebuah bukit di atas telaga menjer yang dikelilingi perkebunan teh,"Ds Maron Kec. Garung Wonosobo",Berkembang,Ruwatan rambut Gimbal,Tidak Ada,Tidak Ada,Calung,"10 Jumlah Kamar, 20 Kapasitas: .50 orang",Pokdarwis,10 Km,Baik,Ada,placeholder.jpg
Wonosobo,Pesona Bhima,"Sumber Mata Air sungai Serayu, Kawasan Wisata Dieng","Selain terdapat Daya Tarik Wisata Candi, Kawah, Telaga Warna dan sumber mata air serayu, Ds. Dieng Juga merupakan gerbang pendakian Gn. Prahu","Ds Dieng Kec. Kejajar Wonosobo",Berkembang,Prosesi Pengambilan Mata Air suci untuk acara Birat Sengkolo di Sumber Mata Air serayu dan Goa Semar,"Carica, Purwaceng, Kentang godok",Tidak Ada,Tari emblek,"35 Jumlah Kamar: 100 Kapasitas: .300.orang",Pokdarwis,30 Km,Baik,Ada,placeholder.jpg
Wonosobo,Krinjing (Bukit Sembrani),"Wisata alm Bukit Sembrani, pendakian Gunung Bisma, Curug Gendruwo","perbukitan di kaki Gn Bismo yang tertata asri yang menyuguhkan Wisata alam yang indah yang ditumbuhi hutan pinus, juga terdapat petilasan Bupati Tuban Ke III dan Beberapa Makam Yang dikeramatkan","Ds. Krinjing Kec. Watumalang Wonosobo",Berkembang,Tidak Ada,"Nasi Nasi Jagung, Buntil Pepes Teri, Madu lebah, jus kemar, jembawut",Sapu Glagah,Tidak Ada,"15 jumlah Kamar: 35 Kapasitas: 70 orang",Pokdarwis,20 Km,"Rusak, Panjang Jalan Rusak: 5 Km",Tidak Ada,placeholder.jpg
Wonosobo,Gajah Mada,Tidak Ada,"desa yang menyajikan kebun durian dengan hasil buah yang melimpah, terletak di tepian kota wonosobo dengan akses jalan yang mudah ditempuh oleh Wisatawan.","Ds. Wilayu Kec. Selomerto Wonosobo",Berkembang,Festival Durian,"Durian, Kueh Lompong, Pucung Kluwek",Tidak Ada,Tidak Ada,30 unit,Pokdarwis,6 Km,Baik,Tidak Ada,placeholder.jpg
Wonosobo,Lobang Sewu,"Waduk, Lobang Sewu (Jenis Bebatuan berlobang mirip candi ditepian Waduk)",kumpulan bebatuan di sepanjang tepian waduk yang mirip bangunan candi yang terbentuk oles ombak air waduk,"Desa Ero Rejo Wadaslintang Wonosobo",Tidak Ada,Tidak Ada,thiwul/leye (makanan dari ubi),Tidak Ada,Tidak Ada,"11 Jumlah Kamar: 22 Kapasitas: .50 orang",Pokdarwis/BUMDES,45 Km,Baik,Ada,placeholder.jpg
Wonosobo,Gerbang Dewa,Tidak Ada,"desa wisata yang menyuguhkan tari klasik dan tari kontemporer, juga merupakan pusat pelatihan tari lengger di Wonosobo","Ds Gianti, Kec. Selomerto Wonosobo",Berkembang,Nyadran,Tidak Ada,Tidak Ada,"Tari Lengger dan Tari Kuda Kepang, Tari Topeng","10 Jumlah Kamar: 20 Kapasitas: 50 orang",Pokdarwis,16 Km,"Rusak, Panjang Jalan Rusak: 3 Km",Ada,placeholder.jpg
Wonosobo,Mutiara Sindoro/ Taro Anggro,Tidak Ada,"Desa Wisata di lereng Gn. Sindoro dengan udara yang sejuk dengan pemandangan alam yang indah, juga terdapat tempat wisata religi goa bunda maria",Tidak Ada,Berkembang,Tidak Ada,Tidak Ada,Tidak Ada,Tidak Ada,"15 Jumlah Kamar: 30 Kapasitas: 70 orang",Pokdarwis/BUMDES,25 Km,Tidak Ada,Ada,placeholder.jpg
Wonosobo,Dewi Sri,Tubbing Hulu Serayu,"sebuah Desa Wisata yang terletak di wilayah kecamatan Garung arah menuju Dieng, yang menyuguhkan atraksi tubbing hulu sungai Serayu, Wisata alam dan berbagai atraksi kesenian, diantaranya barongsai, rodad, lengger, kuda kepang dll","Ds Sendangsari Kec. Garung Wonosobo",Berkembang,Tidak Ada,kenci tempe kemul ayam panggang,Tidak Ada,"Barongsai, rodad, Lengger, Kuda Kepang","150 Jumlah Kamar 300 Kapasitas: 600 orang",Pokdarwis/BUMDES,12 Km,"Rusak, Panjang Jalan Rusak: 1 Km",Tidak Ada,placeholder.jpg
Wonosobo,Bumi lestari,Curug Winong,Desa Wisata yang menyajikan keindahan alam curug yang dihiasi dinding batu dan pemandangan alam yang masih asli,"Ds Winongsari Kaliwiro Wonosobo",Berkembang,Tidak Ada,Tidak Ada,Tidak Ada,"karawitan 3 kelompok, 6 kelompok kuda kepang","3 Jumlah Kamar: 9 Kapasitas: 18 orang",Pokdarwis,17 Km,"Rusak, Panjang Jalan Rusak: 2 Km",Tidak Ada,placeholder.jpg
Wonosobo,Candirejo,Tidak Ada,"banyak ditemukan pemakaman kuno dan batuan candi, tradisi nyadran Dan wisata religi makam Syeh Qodbudin","Ds Candirejo Kec. Mojotengah, Wonosobo",Potensi,Nyadran,Kue apem,"Enthik, Cething",Lengger dan Kuda kepang,Tidak Ada,Pokdarwis,10 Km,"Rusak, Panjang Jalan Rusak: 2 Km",Tidak Ada,